r,g,b,x,y,h,s,v
5,5,5,0,328965,0,0.0,0.0196078431372549
5,5,5,1,328965,0,0.0,0.0196078431372549
29,50,181,2,1913525,231.71052631578948,0.8397790055248618,0.7098039215686275
59,77,200,3,3886536,232.3404255319149,0.7050000000000001,0.7843137254901961
46,63,180,4,3030964,232.38805970149252,0.7444444444444445,0.7058823529411765
166,154,131,5,10918531,39.428571428571445,0.210843373493976,0.6509803921568628
14,64,112,6,934000,209.3877551020408,0.8749999999999999,0.4392156862745098
18,129,196,7,1212868,202.58426966292134,0.9081632653061225,0.7686274509803922
29,64,77,8,1917005,196.25,0.6233766233766234,0.30196078431372547
143,62,69,9,9387589,354.81481481481484,0.5664335664335663,0.5607843137254902
175,88,88,10,11491416,0.0,0.49714285714285716,0.6862745098039216
137,68,69,11,8995909,359.1304347826087,0.5036496350364963,0.5372549019607843
173,89,83,12,11360595,4.0,0.5202312138728323,0.6784313725490196
184,117,100,13,12088676,12.14285714285711,0.45652173913043476,0.7215686274509804
152,77,75,14,9981259,1.5584415584415297,0.506578947368421,0.596078431372549
158,85,84,15,10376532,0.8108108108108354,0.46835443037974683,0.6196078431372549
154,75,79,16,10111823,356.9620253164557,0.512987012987013,0.6039215686274509
171,77,84,17,11226452,355.531914893617,0.5497076023391813,0.6705882352941176
155,66,70,18,10175046,357.30337078651684,0.5741935483870967,0.6078431372549019
145,62,65,19,9518657,357.8313253012048,0.5724137931034482,0.5686274509803921
189,102,100,20,12412516,1.3483146067415532,0.47089947089947093,0.7411764705882353
160,65,76,21,10502476,353.05263157894734,0.59375,0.6274509803921569
109,74,68,22,7162436,8.780487804878078,0.37614678899082565,0.42745098039215684
27,61,61,23,1785149,180.0,0.5573770491803279,0.23921568627450981
19,42,47,24,1255983,190.71428571428572,0.5957446808510639,0.1843137254901961
39,44,45,25,2567213,190.00000000000003,0.13333333333333333,0.17647058823529413
151,104,62,26,9922622,28.314606741573016,0.5894039735099338,0.592156862745098
167,122,65,27,10975809,33.529411764705856,0.6107784431137725,0.6549019607843137
136,92,57,28,8936505,26.58227848101268,0.5808823529411765,0.5333333333333333
25,30,31,29,1646111,190.0,0.1935483870967742,0.12156862745098039
113,81,57,30,7426361,25.714285714285722,0.495575221238938,0.44313725490196076
123,94,65,31,8085057,30.0,0.47154471544715454,0.4823529411764706
127,91,62,32,8346430,26.769230769230774,0.5118110236220472,0.4980392156862745
90,81,61,33,5919037,41.37931034482756,0.32222222222222224,0.35294117647058826
107,82,60,34,7033404,28.085106382978722,0.4392523364485981,0.4196078431372549
113,83,55,35,7426871,28.965517241379303,0.5132743362831858,0.44313725490196076
133,102,69,36,8742469,30.9375,0.4812030075187971,0.5215686274509804
27,44,54,37,1780790,202.22222222222223,0.5,0.21176470588235294
36,77,95,38,2379103,198.3050847457627,0.6210526315789474,0.37254901960784315
35,66,72,39,2310728,189.7297297297297,0.5138888888888888,0.2823529411764706
28,51,62,40,1848126,199.41176470588235,0.5483870967741935,0.24313725490196078
136,105,81,41,8939857,26.181818181818187,0.40441176470588236,0.5333333333333333
99,65,54,42,6504758,14.666666666666686,0.4545454545454546,0.38823529411764707
108,92,65,43,7101505,37.67441860465118,0.3981481481481482,0.4235294117647059
126,104,83,44,8284243,29.302325581395337,0.3412698412698413,0.49411764705882355
84,53,31,45,5518623,24.905660377358515,0.6309523809523809,0.32941176470588235
174,138,120,46,11438712,20.0,0.3103448275862069,0.6823529411764706
124,101,94,47,8152414,14.0,0.2419354838709677,0.48627450980392156
134,79,61,48,8802109,14.794520547945183,0.544776119402985,0.5254901960784314
140,96,72,49,9199688,21.176470588235304,0.48571428571428577,0.5490196078431373
123,75,55,50,8080183,17.64705882352939,0.5528455284552846,0.4823529411764706
125,115,88,51,8221528,43.783783783783804,0.296,0.49019607843137253
111,70,56,52,7292472,15.272727272727252,0.4954954954954955,0.43529411764705883
116,97,85,53,7627093,23.225806451612925,0.26724137931034486,0.4549019607843137
168,149,136,54,11048328,24.375,0.19047619047619047,0.6588235294117647
100,73,62,55,6572350,17.36842105263156,0.38,0.39215686274509803
168,123,94,56,11041630,23.513513513513487,0.4404761904761904,0.6588235294117647
147,102,74,57,9659978,23.013698630137014,0.49659863945578225,0.5764705882352941
114,79,65,58,7491393,17.142857142857167,0.42982456140350883,0.4470588235294118
119,72,59,59,7817275,13.0,0.5042016806722689,0.4666666666666667
123,71,61,60,8079165,9.677419354838719,0.5040650406504065,0.4823529411764706
80,50,38,61,5255718,17.142857142857167,0.525,0.3137254901960784
118,81,73,62,7754057,10.666666666666686,0.3813559322033899,0.4627450980392157
130,92,84,63,8543316,10.434782608695627,0.3538461538461538,0.5098039215686274
106,63,51,64,6962995,13.090909090909065,0.5188679245283019,0.41568627450980394
151,118,94,65,9926238,25.26315789473682,0.37748344370860926,0.592156862745098
124,92,82,66,8150098,14.285714285714278,0.33870967741935476,0.48627450980392156
146,109,88,67,9596248,21.724137931034477,0.3972602739726027,0.5725490196078431
156,116,93,68,10253405,21.904761904761926,0.4038461538461539,0.611764705882353
156,118,95,69,10253919,22.622950819672155,0.3910256410256411,0.611764705882353
152,113,91,70,9990491,21.639344262295083,0.4013157894736842,0.596078431372549
110,66,52,71,7225908,14.482758620689651,0.5272727272727273,0.43137254901960786
105,61,49,72,6896945,12.857142857142833,0.5333333333333333,0.4117647058823529
127,94,75,73,8347211,21.923076923076906,0.4094488188976378,0.4980392156862745
123,106,96,74,8088160,22.22222222222223,0.21951219512195125,0.4823529411764706
127,101,78,75,8349006,28.163265306122412,0.3858267716535433,0.4980392156862745
112,84,66,76,7361602,23.47826086956519,0.41071428571428564,0.4392156862745098
136,105,77,77,8939853,28.474576271186436,0.4338235294117647,0.5333333333333333
62,38,20,78,4072980,25.714285714285722,0.6774193548387096,0.24313725490196078
71,44,26,79,4664346,24.0,0.6338028169014085,0.2784313725490196
68,42,24,80,4467224,24.54545454545456,0.6470588235294118,0.26666666666666666
77,48,30,81,5058590,22.978723404255334,0.6103896103896104,0.30196078431372547
72,46,29,82,4730397,23.720930232558146,0.5972222222222223,0.2823529411764706
62,39,25,83,4073241,22.70270270270271,0.596774193548387,0.24313725490196078
103,73,55,84,6768951,22.5,0.4660194174757281,0.403921568627451
125,86,66,85,8214082,20.338983050847446,0.4719999999999999,0.49019607843137253
240,175,41,86,15773481,40.40201005025125,0.8291666666666667,0.9411764705882353
179,62,18,87,11746834,16.397515527950304,0.8994413407821229,0.7019607843137254
213,137,73,88,13994313,27.428571428571445,0.6572769953051644,0.8352941176470589
218,144,33,89,14323745,36.0,0.8486238532110092,0.8549019607843137
238,164,72,90,15639624,33.25301204819277,0.6974789915966386,0.9333333333333333
172,122,60,91,11303484,33.21428571428572,0.6511627906976745,0.6745098039215687
221,113,27,92,14512411,26.597938144329873,0.8778280542986426,0.8666666666666667
197,60,20,93,12925972,13.559322033898297,0.898477157360406,0.7725490196078432
97,68,28,94,6374428,34.782608695652186,0.711340206185567,0.3803921568627451
94,72,62,95,6178878,18.75,0.34042553191489366,0.3686274509803922
91,56,30,96,5978142,25.57377049180326,0.6703296703296704,0.3568627450980392
67,38,20,97,4400660,22.978723404255334,0.7014925373134329,0.2627450980392157
90,64,61,98,5914685,6.206896551724128,0.32222222222222224,0.35294117647058826
106,69,59,99,6964539,12.7659574468085,0.44339622641509435,0.41568627450980394
131,86,64,100,8607296,19.70149253731347,0.5114503816793893,0.5137254901960784
137,70,40,101,8996392,18.556701030927854,0.708029197080292,0.5372549019607843
126,88,69,102,8280133,20.0,0.45238095238095244,0.49411764705882355
119,65,49,103,7815473,13.714285714285722,0.5882352941176471,0.4666666666666667
130,90,67,104,8542787,21.904761904761926,0.48461538461538456,0.5098039215686274
116,83,70,105,7623494,16.956521739130437,0.396551724137931,0.4549019607843137
151,87,63,106,9918271,16.363636363636374,0.5827814569536424,0.592156862745098
148,99,75,107,9724747,19.72602739726028,0.49324324324324326,0.5803921568627451
110,71,56,108,7227192,16.666666666666686,0.49090909090909096,0.43137254901960786
125,81,63,109,8212799,17.419354838709694,0.49599999999999994,0.49019607843137253
53,37,30,110,3482910,18.260869565217376,0.4339622641509434,0.20784313725490197
85,57,46,111,5585198,16.923076923076906,0.4588235294117647,0.3333333333333333
114,75,56,112,7490360,19.655172413793082,0.5087719298245614,0.4470588235294118
111,66,44,113,7291436,19.701492537313413,0.6036036036036037,0.43529411764705883
107,77,64,114,7032128,18.1395348837209,0.4018691588785047,0.4196078431372549
62,29,28,115,4070684,1.7647058823529278,0.5483870967741935,0.24313725490196078
73,18,28,116,4788764,349.09090909090907,0.7534246575342466,0.28627450980392155
79,29,36,117,5184804,351.6,0.6329113924050633,0.30980392156862746
81,25,32,118,5314848,352.5,0.6913580246913581,0.3176470588235294
95,22,26,119,6231578,356.71232876712327,0.7684210526315789,0.37254901960784315
59,14,19,120,3870227,353.3333333333333,0.7627118644067796,0.23137254901960785
134,62,64,121,8797760,358.3333333333333,0.5373134328358209,0.5254901960784314
174,57,52,122,11417908,2.4590163934426528,0.7011494252873564,0.6823529411764706
88,19,26,123,5772058,353.9130434782609,0.7840909090909091,0.34509803921568627
185,104,83,124,12150867,12.352941176470608,0.5513513513513513,0.7254901960784313
68,19,23,125,4461335,355.1020408163265,0.7205882352941176,0.26666666666666666
163,59,53,126,10697525,3.272727272727252,0.674846625766871,0.6392156862745098
101,35,40,127,6628136,355.45454545454544,0.6534653465346534,0.396078431372549
82,25,31,128,5380383,353.6842105263158,0.6951219512195123,0.3215686274509804
82,34,77,129,5382733,306.25,0.5853658536585367,0.3215686274509804
51,53,87,130,3355991,236.66666666666666,0.41379310344827586,0.3411764705882353
77,148,103,131,5084263,141.9718309859155,0.4797297297297298,0.5803921568627451
51,64,37,132,3358757,88.88888888888889,0.42187499999999994,0.25098039215686274
91,93,70,133,5987654,65.21739130434781,0.24731182795698914,0.36470588235294116
49,54,69,134,3225157,225.0,0.289855072463768,0.27058823529411763
92,70,77,135,6047309,340.90909090909093,0.23913043478260862,0.3607843137254902
76,56,68,136,4995140,324.0,0.2631578947368421,0.2980392156862745
147,97,112,137,9658736,342.0,0.3401360544217687,0.5764705882352941
80,56,68,138,5257284,330.0,0.3,0.3137254901960784
138,92,105,139,9067625,343.04347826086956,0.3333333333333333,0.5411764705882353
105,87,101,140,6903653,313.33333333333337,0.17142857142857137,0.4117647058823529
46,48,57,141,3027001,229.0909090909091,0.19298245614035092,0.2235294117647059
126,82,86,142,8278614,354.54545454545456,0.3492063492063492,0.49411764705882355
77,60,70,143,5061702,324.70588235294116,0.22077922077922074,0.30196078431372547
111,79,92,144,7294812,335.625,0.2882882882882883,0.43529411764705883
99,63,84,145,6504276,325.0,0.36363636363636365,0.38823529411764707
32,67,85,146,2114389,200.37735849056602,0.6235294117647059,0.3333333333333333
49,70,88,147,3229272,207.69230769230768,0.4431818181818181,0.34509803921568627
61,39,50,148,4007730,330.0,0.360655737704918,0.23921568627450981
99,66,79,149,6505039,336.3636363636364,0.33333333333333326,0.38823529411764707
101,68,79,150,6636623,340.0,0.3267326732673267,0.396078431372549
92,79,88,151,6049624,318.46153846153845,0.14130434782608692,0.3607843137254902
116,73,85,152,7620949,343.25581395348837,0.3706896551724138,0.4549019607843137
140,69,67,153,9192771,1.6438356164383663,0.5214285714285715,0.5490196078431373
139,67,67,154,9126723,0.0,0.5179856115107913,0.5450980392156862
116,62,73,155,7618121,347.77777777777777,0.46551724137931033,0.4549019607843137
129,68,79,156,8471631,349.18032786885243,0.4728682170542636,0.5058823529411764
118,62,74,157,7749194,347.1428571428571,0.4745762711864407,0.4627450980392157
128,68,81,158,8406097,347.0,0.46875,0.5019607843137255
35,57,80,159,2308432,210.66666666666666,0.5625,0.3137254901960784
25,102,137,160,1664649,198.75,0.8175182481751825,0.5372549019607843
26,106,140,161,1731212,197.89473684210526,0.8142857142857144,0.5490196078431373
26,101,136,162,1729928,199.0909090909091,0.8088235294117647,0.5333333333333333
29,106,141,163,1927821,198.75,0.7943262411347518,0.5529411764705883
95,52,62,164,6239294,346.04651162790697,0.45263157894736844,0.37254901960784315
54,62,83,165,3554899,223.44827586206895,0.3493975903614458,0.3254901960784314
57,47,50,166,3747634,342.0,0.17543859649122806,0.2235294117647059
57,43,63,167,3746623,282.0,0.31746031746031744,0.24705882352941178
65,56,57,168,4274233,353.3333333333333,0.1384615384615384,0.2549019607843137
74,65,60,169,4866364,21.428571428571388,0.18918918918918926,0.2901960784313726
58,43,61,170,3812157,290.0,0.29508196721311475,0.23921568627450981
62,54,65,171,4077121,283.6363636363636,0.16923076923076918,0.2549019607843137
68,59,70,172,4471622,289.09090909090907,0.15714285714285717,0.27450980392156865
73,66,65,173,4801089,7.500000000000057,0.10958904109589042,0.28627450980392155
80,74,69,174,5261893,27.27272727272731,0.13750000000000004,0.3137254901960784
50,29,38,175,3284262,334.2857142857143,0.42,0.19607843137254902
87,83,69,176,5722949,46.666666666666686,0.206896551724138,0.3411764705882353
80,86,68,177,5264964,80.00000000000001,0.20930232558139542,0.33725490196078434
59,52,70,178,3880006,263.3333333333333,0.25714285714285723,0.27450980392156865
66,53,71,179,4339015,283.33333333333337,0.2535211267605634,0.2784313725490196
70,76,85,180,4607061,216.0,0.176470588235294,0.3333333333333333
65,61,76,181,4275532,255.99999999999997,0.19736842105263153,0.2980392156862745
56,50,76,182,3682892,253.84615384615384,0.34210526315789475,0.2980392156862745
75,60,67,183,4930627,332.0,0.20000000000000004,0.29411764705882354
90,78,78,184,5918286,0.0,0.13333333333333333,0.35294117647058826
126,108,102,185,8285286,15.0,0.19047619047619047,0.49411764705882355
107,88,70,186,7034950,29.189189189189165,0.34579439252336447,0.4196078431372549
62,64,60,187,4079676,90.0,0.0625,0.25098039215686274
51,55,64,188,3356480,221.53846153846155,0.20312499999999994,0.25098039215686274
43,48,59,189,2830395,221.25,0.2711864406779661,0.23137254901960785
65,40,21,190,4270101,25.909090909090935,0.676923076923077,0.2549019607843137
100,56,21,191,6567957,26.58227848101268,0.79,0.39215686274509803
118,70,28,192,7751196,28.0,0.7627118644067796,0.4627450980392157
63,35,18,193,4137746,22.666666666666686,0.7142857142857143,0.24705882352941178
57,35,18,194,3744530,26.153846153846132,0.6842105263157895,0.2235294117647059
71,39,21,195,4663061,21.600000000000023,0.7042253521126761,0.2784313725490196
62,37,23,196,4072727,21.538461538461547,0.6290322580645162,0.24313725490196078
76,44,25,197,4992025,22.35294117647061,0.6710526315789475,0.2980392156862745
81,48,39,198,5320743,12.857142857142833,0.5185185185185185,0.3176470588235294
36,40,59,199,2369595,229.56521739130434,0.3898305084745763,0.23137254901960785
30,33,52,200,1974580,231.8181818181818,0.4230769230769231,0.20392156862745098
26,34,45,201,1712685,214.73684210526315,0.4222222222222223,0.17647058823529413
31,39,55,202,2041655,220.0,0.4363636363636364,0.21568627450980393
34,41,59,203,2238779,223.2,0.42372881355932207,0.23137254901960785
18,21,31,204,1185055,226.15384615384616,0.41935483870967744,0.12156862745098039
33,39,52,205,2172724,221.05263157894737,0.3653846153846153,0.20392156862745098
24,30,37,206,1580581,212.30769230769232,0.3513513513513514,0.1450980392156863
22,24,34,207,1447970,230.0,0.35294117647058826,0.13333333333333333
31,41,49,208,2042161,206.66666666666666,0.3673469387755102,0.19215686274509805
23,31,47,209,1515311,220.0,0.5106382978723405,0.1843137254901961
28,36,52,210,1844276,220.0,0.46153846153846156,0.20392156862745098
18,37,40,211,1189160,188.1818181818182,0.55,0.1568627450980392
27,30,43,212,1777195,228.75,0.372093023255814,0.16862745098039217
34,40,54,213,2238518,222.0,0.37037037037037035,0.21176470588235294
30,30,44,214,1973804,240.0,0.3181818181818182,0.17254901960784313
29,29,44,215,1908012,240.0,0.3409090909090909,0.17254901960784313
108,94,68,216,7102020,39.0,0.37037037037037035,0.4235294117647059
95,72,56,217,6244408,24.61538461538464,0.4105263157894737,0.37254901960784315
88,75,51,218,5786419,38.918918918918905,0.4204545454545454,0.34509803921568627
84,73,43,219,5523755,43.90243902439022,0.488095238095238,0.32941176470588235
87,73,47,220,5720367,39.0,0.45977011494252873,0.3411764705882353
73,65,38,221,4800806,46.28571428571428,0.4794520547945205,0.28627450980392155
70,62,39,222,4603431,44.51612903225805,0.44285714285714284,0.27450980392156865
68,60,38,223,4471846,44.0,0.4411764705882353,0.26666666666666666
25,58,73,224,1653321,198.75,0.6575342465753425,0.28627450980392155
68,60,39,225,4471847,43.448275862068954,0.42647058823529405,0.26666666666666666
112,87,52,226,7362356,35.0,0.5357142857142857,0.4392156862745098
93,76,51,227,6114355,35.71428571428572,0.4516129032258064,0.36470588235294116
103,86,54,228,6772278,39.18367346938777,0.47572815533980584,0.403921568627451
65,57,36,229,4274468,43.448275862068954,0.4461538461538461,0.2549019607843137
66,57,39,230,4340007,40.0,0.4090909090909091,0.25882352941176473
102,86,44,231,6706732,43.448275862068954,0.5686274509803921,0.4
59,51,32,232,3879712,42.22222222222223,0.45762711864406785,0.23137254901960785
62,54,30,233,4077086,45.0,0.5161290322580645,0.24313725490196078
82,70,37,234,5391909,44.0,0.5487804878048781,0.3215686274509804
110,110,89,235,7237209,60.0,0.190909090909091,0.43137254901960786
76,68,51,236,4998195,40.80000000000001,0.3289473684210526,0.2980392156862745
116,107,76,237,7629644,46.5,0.3448275862068966,0.4549019607843137
82,74,51,238,5392947,44.51612903225805,0.3780487804878049,0.3215686274509804
77,69,36,239,5063972,48.292682926829286,0.5324675324675324,0.30196078431372547
145,76,43,240,9522219,19.411764705882376,0.7034482758620689,0.5686274509803921
76,76,54,241,5000246,60.0,0.2894736842105263,0.2980392156862745
90,71,38,242,5916454,38.076923076923094,0.5777777777777778,0.35294117647058826
78,75,48,243,5131056,54.0,0.3846153846153847,0.3058823529411765
48,43,31,244,3156767,42.35294117647061,0.3541666666666667,0.18823529411764706
63,59,36,245,4143908,51.111111111111086,0.4285714285714286,0.24705882352941178
117,105,75,246,7694667,42.85714285714283,0.3589743589743589,0.4588235294117647
101,89,59,247,6641979,42.85714285714283,0.41584158415841577,0.396078431372549
112,137,110,248,7375214,115.55555555555557,0.19708029197080285,0.5372549019607843
77,84,63,249,5067839,80.00000000000001,0.24999999999999994,0.32941176470588235
105,88,87,250,6903895,3.3333333333333144,0.17142857142857137,0.4117647058823529
114,95,89,251,7495513,14.400000000000034,0.21929824561403516,0.4470588235294118
118,97,91,252,7758171,13.333333333333314,0.22881355932203393,0.4627450980392157
119,96,88,253,7823448,15.48387096774195,0.2605042016806723,0.4666666666666667
111,91,87,254,7297879,10.0,0.2162162162162162,0.43529411764705883
112,98,94,255,7365214,13.333333333333314,0.16071428571428564,0.4392156862745098
109,85,83,256,7165267,4.615384615384585,0.23853211009174305,0.42745098039215684
97,96,86,257,6381654,54.54545454545456,0.11340206185566999,0.3803921568627451
97,88,77,258,6379597,33.0,0.2061855670103093,0.3803921568627451
44,43,47,259,2894639,254.99999999999994,0.0851063829787234,0.1843137254901961
48,54,49,260,3159601,130.00000000000003,0.1111111111111111,0.21176470588235294
32,42,51,261,2107955,208.42105263157896,0.3725490196078432,0.2
15,47,52,262,995124,188.1081081081081,0.7115384615384615,0.20392156862745098
29,41,35,263,1911075,150.0,0.29268292682926833,0.1607843137254902
24,43,46,264,1583918,188.1818181818182,0.4782608695652174,0.1803921568627451
23,42,47,265,1518127,192.5,0.5106382978723405,0.1843137254901961
29,47,52,266,1912628,193.04347826086956,0.4423076923076923,0.20392156862745098
16,27,35,267,1055523,205.26315789473685,0.5428571428571429,0.13725490196078433
17,48,56,268,1126456,192.30769230769232,0.6964285714285715,0.2196078431372549
40,44,51,269,2632755,218.1818181818182,0.215686274509804,0.2
16,31,33,270,1056545,187.05882352941177,0.5151515151515152,0.12941176470588237
25,31,33,271,1646369,195.00000000000003,0.24242424242424251,0.12941176470588237
20,28,34,272,1317922,205.71428571428572,0.4117647058823529,0.13333333333333333
36,38,30,273,2369054,75.0,0.21052631578947367,0.14901960784313725
14,25,30,274,923934,198.75,0.5333333333333333,0.11764705882352941
22,45,50,275,1453362,190.71428571428572,0.56,0.19607843137254902
28,44,44,276,1846316,180.0,0.36363636363636365,0.17254901960784313
17,40,40,277,1124392,180.0,0.575,0.1568627450980392
31,49,38,278,2044198,143.33333333333331,0.3673469387755102,0.19215686274509805
25,50,52,279,1651252,184.44444444444446,0.5192307692307693,0.20392156862745098
22,41,37,280,1452325,167.3684210526316,0.4634146341463415,0.1607843137254902
29,36,35,281,1909795,171.42857142857144,0.19444444444444445,0.1411764705882353
63,58,31,282,4143647,50.625,0.5079365079365079,0.24705882352941178
48,43,24,283,3156760,47.5,0.5,0.18823529411764706
24,29,33,284,1580321,206.66666666666669,0.2727272727272728,0.12941176470588237
43,39,21,285,2828053,49.09090909090912,0.5116279069767442,0.16862745098039217
101,94,40,286,6643240,53.11475409836066,0.6039603960396039,0.396078431372549
19,37,53,287,1254709,208.23529411764707,0.6415094339622642,0.20784313725490197
26,26,20,288,1710612,60.0,0.23076923076923078,0.10196078431372549
16,27,30,289,1055518,192.85714285714286,0.4666666666666667,0.11764705882352941
63,45,70,290,4140358,283.2,0.35714285714285715,0.27450980392156865
56,44,67,291,3681347,271.30434782608694,0.3432835820895523,0.2627450980392157
51,40,61,292,3352637,271.42857142857144,0.34426229508196726,0.23921568627450981
149,103,80,293,9791312,20.0,0.4630872483221477,0.5843137254901961
40,18,34,294,2626082,316.3636363636364,0.55,0.1568627450980392
37,11,31,295,2427679,313.84615384615387,0.7027027027027027,0.1450980392156863
56,20,34,296,3675170,336.6666666666667,0.6428571428571429,0.2196078431372549
48,9,33,297,3148065,323.0769230769231,0.8125000000000001,0.18823529411764706
39,51,37,298,2568997,111.42857142857143,0.2745098039215686,0.2
18,48,55,299,1191991,191.35135135135135,0.6727272727272727,0.21568627450980393
20,38,45,300,1320493,196.8,0.5555555555555556,0.17647058823529413
17,19,25,301,1119001,225.0,0.32,0.09803921568627451
37,19,37,302,2429733,300.0,0.4864864864864865,0.1450980392156863
20,36,42,303,1319978,196.36363636363637,0.5238095238095238,0.16470588235294117
26,37,35,304,1713443,169.0909090909091,0.29729729729729737,0.1450980392156863
12,36,41,305,795689,190.34482758620692,0.7073170731707318,0.1607843137254902
18,42,45,306,1190445,186.66666666666669,0.6,0.17647058823529413
28,37,41,307,1844521,198.46153846153845,0.3170731707317074,0.1607843137254902
15,35,42,308,992042,195.55555555555554,0.6428571428571429,0.16470588235294117
22,35,39,309,1450791,194.11764705882354,0.43589743589743596,0.15294117647058825
28,42,44,310,1845804,187.5,0.36363636363636365,0.17254901960784313
21,41,44,311,1386796,187.82608695652172,0.5227272727272727,0.17254901960784313
27,38,35,312,1779235,163.63636363636365,0.2894736842105263,0.14901960784313725
24,40,31,313,1583135,146.25,0.4,0.1568627450980392
30,39,34,314,1976098,146.66666666666666,0.23076923076923084,0.15294117647058825
17,29,26,315,1121562,165.0,0.41379310344827586,0.11372549019607843
69,49,35,316,4534563,24.70588235294116,0.4927536231884057,0.27058823529411763
43,60,50,317,2833458,144.70588235294116,0.28333333333333327,0.23529411764705882
41,46,41,318,2698793,120.0,0.10869565217391297,0.1803921568627451
17,31,26,319,1122074,158.57142857142858,0.45161290322580644,0.12156862745098039
44,41,35,320,2894115,40.0,0.20454545454545447,0.17254901960784313
124,65,50,321,8143154,12.16216216216219,0.596774193548387,0.48627450980392156
46,55,38,322,3028774,91.76470588235296,0.30909090909090914,0.21568627450980393
43,38,32,323,2827808,32.72727272727275,0.25581395348837216,0.16862745098039217
69,61,49,324,4537649,36.0,0.289855072463768,0.27058823529411763
36,36,29,325,2368541,60.0,0.19444444444444445,0.1411764705882353
71,51,38,326,4666150,23.636363636363626,0.46478873239436624,0.2784313725490196
82,55,41,327,5388073,20.48780487804879,0.5,0.3215686274509804
33,51,32,328,2175776,116.84210526315789,0.3725490196078432,0.2
33,44,29,329,2173981,103.99999999999999,0.3409090909090909,0.17254901960784313
29,40,26,330,1910810,107.14285714285714,0.35,0.1568627450980392
39,45,28,331,2567452,81.17647058823529,0.3777777777777778,0.17647058823529413
33,44,29,332,2173981,103.99999999999999,0.3409090909090909,0.17254901960784313
44,47,26,333,2895642,68.57142857142858,0.4468085106382979,0.1843137254901961
42,49,32,334,2765088,84.70588235294119,0.34693877551020413,0.19215686274509805
33,37,35,335,2172195,150.0,0.1081081081081081,0.1450980392156863
38,46,38,336,2502182,120.0,0.17391304347826086,0.1803921568627451
13,29,22,337,859414,153.75,0.5517241379310345,0.11372549019607843
29,36,27,338,1909787,106.66666666666667,0.25,0.1411764705882353
34,45,32,339,2239776,110.76923076923077,0.2888888888888889,0.17647058823529413
32,40,31,340,2107423,113.33333333333333,0.225,0.1568627450980392
43,34,29,341,2826781,21.428571428571445,0.3255813953488373,0.16862745098039217
29,39,29,342,1910557,120.0,0.2564102564102565,0.15294117647058825
36,43,34,343,2370338,106.66666666666667,0.20930232558139542,0.16862745098039217
25,33,28,344,1646876,142.5,0.24242424242424251,0.12941176470588237
16,32,35,345,1056803,189.47368421052633,0.5428571428571429,0.13725490196078433
14,36,61,346,926781,211.91489361702128,0.7704918032786885,0.23921568627450981
53,49,39,347,3485991,42.85714285714289,0.2641509433962264,0.20784313725490197
14,42,86,348,928342,216.66666666666666,0.8372093023255813,0.33725490196078434
40,48,47,349,2633775,172.50000000000003,0.16666666666666666,0.18823529411764706
17,36,84,350,1123412,222.98507462686567,0.7976190476190477,0.32941176470588235
12,33,83,351,794963,222.25352112676057,0.8554216867469879,0.3254901960784314
13,45,80,352,863568,211.34328358208955,0.8375,0.3137254901960784
20,37,76,353,1320268,221.78571428571428,0.7368421052631579,0.2980392156862745
12,36,62,354,795710,211.2,0.8064516129032258,0.24313725490196078
12,34,54,355,795190,208.57142857142856,0.7777777777777778,0.21176470588235294
38,59,74,356,2505546,205.0,0.4864864864864865,0.2901960784313726
54,59,82,357,3554130,229.28571428571428,0.3414634146341464,0.3215686274509804
13,77,86,358,871766,187.39726027397262,0.8488372093023256,0.33725490196078434
13,57,78,359,866638,199.3846153846154,0.8333333333333334,0.3058823529411765
12,45,75,360,798027,208.57142857142856,0.84,0.29411764705882354
12,35,64,361,795456,213.46153846153845,0.8125,0.25098039215686274
16,37,37,362,1058085,180.0,0.5675675675675677,0.1450980392156863
13,33,43,363,860459,200.0,0.6976744186046512,0.16862745098039217
38,50,53,364,2503221,192.0,0.28301886792452835,0.20784313725490197
43,73,82,365,2836818,193.84615384615387,0.47560975609756095,0.3215686274509804
21,57,57,366,1390905,180.0,0.631578947368421,0.2235294117647059
72,64,52,367,4735028,36.0,0.2777777777777778,0.2823529411764706
124,102,72,368,8152648,34.61538461538464,0.41935483870967744,0.48627450980392156
55,41,29,369,3615005,27.69230769230768,0.4727272727272728,0.21568627450980393
72,49,38,370,4731174,19.411764705882376,0.4722222222222222,0.2823529411764706
100,65,33,371,6570273,28.656716417910445,0.6699999999999999,0.39215686274509803
109,83,40,372,7164712,37.39130434782612,0.6330275229357798,0.42745098039215684
144,99,50,373,9462578,31.276595744680833,0.6527777777777778,0.5647058823529412
66,48,34,374,4337698,26.25,0.4848484848484849,0.25882352941176473
83,64,44,375,5455916,30.769230769230774,0.46987951807228917,0.3254901960784314
103,68,44,376,6767660,24.40677966101697,0.5728155339805825,0.403921568627451
107,70,48,377,7030320,22.372881355932236,0.5514018691588786,0.4196078431372549
103,84,61,378,6771773,32.85714285714283,0.4077669902912621,0.403921568627451
78,60,47,379,5127215,25.161290322580612,0.39743589743589747,0.3058823529411765
72,51,38,380,4731686,22.941176470588232,0.4722222222222222,0.2823529411764706
110,74,34,381,7227938,31.57894736842104,0.690909090909091,0.43137254901960786
105,49,49,382,6893873,0.0,0.5333333333333333,0.4117647058823529
38,38,35,383,2500131,60.0,0.07894736842105254,0.14901960784313725
85,71,41,384,5588777,40.909090909090935,0.5176470588235293,0.3333333333333333
59,38,27,385,3876379,20.625,0.5423728813559322,0.23137254901960785
61,38,26,386,4007450,20.571428571428555,0.5737704918032787,0.23921568627450981
66,42,29,387,4336157,21.081081081081095,0.5606060606060607,0.25882352941176473
52,36,24,388,3417112,25.714285714285722,0.5384615384615384,0.20392156862745098
31,30,28,389,2039324,40.0,0.0967741935483871,0.12156862745098039
221,151,66,390,14522178,32.90322580645159,0.7013574660633485,0.8666666666666667
33,36,44,391,2171948,223.63636363636365,0.24999999999999992,0.17254901960784313
32,35,48,392,2106160,228.75,0.3333333333333333,0.18823529411764706
113,76,55,393,7425079,21.724137931034477,0.5132743362831858,0.44313725490196076
85,59,38,394,5585702,26.80851063829789,0.5529411764705883,0.3333333333333333
172,121,110,395,11303278,10.645161290322562,0.3604651162790698,0.6745098039215687
246,227,190,396,16180158,39.64285714285711,0.22764227642276422,0.9647058823529412
101,67,43,397,6636331,24.82758620689657,0.5742574257425742,0.396078431372549
231,189,188,398,15187388,1.3953488372093261,0.1861471861471861,0.9058823529411765
191,155,76,399,12557132,41.217391304347814,0.6020942408376964,0.7490196078431373
182,136,75,400,11962443,34.20560747663552,0.5879120879120879,0.7137254901960784
140,93,57,401,9198905,26.02409638554218,0.592857142857143,0.5490196078431373
219,188,98,402,14400610,44.62809917355372,0.5525114155251141,0.8588235294117647
73,50,30,403,4796958,27.906976744186068,0.589041095890411,0.28627450980392155
70,49,31,404,4600095,27.69230769230768,0.5571428571428572,0.27450980392156865
108,75,52,405,7097140,24.642857142857167,0.5185185185185185,0.4235294117647059
102,75,48,406,6703920,30.0,0.5294117647058824,0.4
102,73,46,407,6703406,28.928571428571445,0.5490196078431373,0.4
100,72,47,408,6572079,28.30188679245282,0.5299999999999999,0.39215686274509803
100,83,60,409,6574908,34.5,0.4,0.39215686274509803
115,79,50,410,7556914,26.769230769230774,0.5652173913043478,0.45098039215686275
78,66,57,411,5128761,25.714285714285722,0.2692307692307693,0.3058823529411765
60,56,75,412,3946571,252.6315789473684,0.25333333333333335,0.29411764705882354
69,55,68,413,4536132,304.2857142857143,0.20289855072463758,0.27058823529411763
75,72,73,414,4933705,340.0000000000001,0.04000000000000004,0.29411764705882354
78,64,66,415,5128258,351.4285714285714,0.17948717948717957,0.3058823529411765
29,43,73,416,1911625,220.9090909090909,0.6027397260273973,0.28627450980392155
46,47,57,417,3026745,234.54545454545453,0.19298245614035092,0.2235294117647059
35,47,61,418,2305853,212.30769230769232,0.4262295081967213,0.23921568627450981
41,50,60,419,2699836,211.57894736842107,0.3166666666666666,0.23529411764705882
62,61,63,420,4078911,269.9999999999999,0.031746031746031744,0.24705882352941178
65,62,66,421,4275778,284.9999999999999,0.060606060606060705,0.25882352941176473
75,60,63,422,4930623,348.0,0.20000000000000004,0.29411764705882354
56,57,70,423,3684678,235.7142857142857,0.2000000000000001,0.27450980392156865
37,48,73,424,2437193,221.66666666666666,0.49315068493150677,0.28627450980392155
37,47,73,425,2436937,223.33333333333331,0.49315068493150677,0.28627450980392155
23,45,68,426,1518916,210.66666666666666,0.6617647058823529,0.26666666666666666
34,49,73,427,2240841,216.9230769230769,0.5342465753424658,0.28627450980392155
28,39,64,428,1845056,221.66666666666666,0.5625,0.25098039215686274
25,37,60,429,1647932,219.42857142857142,0.5833333333333334,0.23529411764705882
27,37,67,430,1779011,225.0,0.5970149253731343,0.2627450980392157
31,47,71,431,2043719,216.0,0.5633802816901409,0.2784313725490196
77,60,67,432,5061699,335.2941176470588,0.22077922077922074,0.30196078431372547
28,40,61,433,1845309,218.1818181818182,0.5409836065573771,0.23921568627450981
21,34,66,434,1385026,222.66666666666669,0.6818181818181819,0.25882352941176473
100,62,61,435,6569533,1.5384615384615472,0.38999999999999996,0.39215686274509803
102,60,45,436,6700077,15.78947368421052,0.5588235294117647,0.4
71,40,23,437,4663319,21.25,0.676056338028169,0.2784313725490196
58,34,20,438,3809812,22.10526315789474,0.6551724137931034,0.22745098039215686
54,17,9,439,3543305,10.666666666666686,0.8333333333333333,0.21176470588235294
36,26,24,440,2365976,10.0,0.3333333333333333,0.1411764705882353
50,38,30,441,3286558,24.0,0.4,0.19607843137254902
59,53,38,442,3880230,42.85714285714289,0.35593220338983056,0.23137254901960785
65,35,37,443,4268837,356.0,0.46153846153846145,0.2549019607843137
50,41,36,444,3287332,21.428571428571445,0.28,0.19607843137254902
60,42,35,445,3942947,16.80000000000001,0.41666666666666663,0.23529411764705882
103,66,64,446,6767168,3.0769230769230944,0.3786407766990291,0.403921568627451
58,38,30,447,3810846,17.142857142857167,0.4827586206896552,0.22745098039215686
18,22,26,448,1185306,210.0,0.3076923076923077,0.10196078431372549
21,26,28,449,1382940,197.14285714285714,0.25,0.10980392156862745
23,30,34,450,1515042,201.8181818181818,0.3235294117647059,0.13333333333333333
23,31,36,451,1515300,203.07692307692307,0.3611111111111111,0.1411764705882353
23,38,50,452,1517106,206.66666666666666,0.54,0.19607843137254902
32,38,36,453,2106916,160.0,0.15789473684210525,0.14901960784313725
66,33,37,454,4333861,352.72727272727275,0.5,0.25882352941176473
71,45,46,455,4664622,357.6923076923077,0.3661971830985915,0.2784313725490196
34,28,47,456,2235439,258.9473684210526,0.4042553191489362,0.1843137254901961
161,108,56,457,10579000,29.714285714285722,0.6521739130434783,0.6313725490196078
126,69,64,458,8275264,4.838709677419331,0.4920634920634921,0.49411764705882355
115,93,78,459,7560526,24.324324324324323,0.3217391304347826,0.45098039215686275
41,38,49,460,2696753,256.3636363636364,0.2244897959183674,0.19215686274509805
40,39,45,461,2631469,249.99999999999997,0.13333333333333333,0.17647058823529413
30,31,38,462,1974054,232.5,0.21052631578947367,0.14901960784313725
92,71,51,463,6047539,29.268292682926813,0.44565217391304346,0.3607843137254902
22,31,35,464,1449763,198.46153846153848,0.3714285714285715,0.13725490196078433
22,28,33,465,1448993,207.27272727272728,0.3333333333333334,0.12941176470588237
24,34,35,466,1581603,185.45454545454547,0.31428571428571433,0.13725490196078433
35,44,44,467,2305068,180.0,0.20454545454545447,0.17254901960784313
22,36,41,468,1451049,195.78947368421052,0.4634146341463415,0.1607843137254902
23,33,35,469,1515811,190.0,0.3428571428571429,0.13725490196078433
23,26,29,470,1514013,210.0,0.20689655172413793,0.11372549019607843
168,115,69,471,11039557,27.878787878787875,0.5892857142857143,0.6588235294117647
130,58,27,472,8534555,18.05825242718447,0.7923076923076923,0.5098039215686274
151,74,43,473,9914923,17.22222222222223,0.7152317880794702,0.592156862745098
127,60,35,474,8338467,16.30434782608694,0.7244094488188976,0.4980392156862745
140,67,38,475,9192230,17.058823529411768,0.7285714285714285,0.5490196078431373
110,46,35,476,7220771,8.800000000000011,0.6818181818181818,0.43137254901960786
115,51,31,477,7549727,14.285714285714278,0.7304347826086957,0.45098039215686275
120,53,30,478,7877918,15.333333333333314,0.7499999999999999,0.47058823529411764
53,37,30,479,3482910,18.260869565217376,0.4339622641509434,0.20784313725490197
124,60,35,480,8141859,16.85393258426967,0.7177419354838709,0.48627450980392156
117,51,35,481,7680803,11.707317073170714,0.7008547008547008,0.4588235294117647
121,63,34,482,7946018,20.0,0.71900826446281,0.4745098039215686
78,52,34,483,5125154,24.54545454545456,0.5641025641025641,0.3058823529411765
116,63,40,484,7618344,18.15789473684208,0.6551724137931034,0.4549019607843137
81,69,60,485,5326140,25.714285714285722,0.25925925925925924,0.3176470588235294
51,73,73,486,3361097,180.0,0.30136986301369856,0.28627450980392155
44,31,64,487,2891584,263.6363636363636,0.515625,0.25098039215686274
35,20,51,488,2298931,269.03225806451616,0.607843137254902,0.2
42,33,64,489,2761024,257.4193548387097,0.48437499999999994,0.25098039215686274
32,41,56,490,2107704,217.5,0.42857142857142855,0.2196078431372549
81,64,88,491,5324888,282.5,0.2727272727272727,0.34509803921568627
11,36,55,492,730167,205.9090909090909,0.7999999999999999,0.21568627450980393
20,27,36,493,1317668,213.75,0.4444444444444444,0.1411764705882353
51,30,54,494,3350070,292.5,0.4444444444444444,0.21176470588235294
54,51,70,495,3552070,249.4736842105263,0.27142857142857146,0.27450980392156865
34,35,45,496,2237229,234.54545454545453,0.2444444444444445,0.17647058823529413
46,52,57,497,3028025,207.27272727272728,0.19298245614035092,0.2235294117647059
57,64,70,498,3752006,207.69230769230774,0.18571428571428575,0.27450980392156865
48,55,59,499,3159867,201.8181818181818,0.18644067796610175,0.23137254901960785
88,68,81,500,5784657,321.0,0.22727272727272727,0.34509803921568627
50,65,65,501,3293505,180.0,0.23076923076923073,0.2549019607843137
52,70,71,502,3425863,183.15789473684208,0.26760563380281693,0.2784313725490196
33,40,49,503,2172977,213.75,0.32653061224489793,0.19215686274509805
58,51,63,504,3814207,275.0,0.19047619047619047,0.24705882352941178
60,54,61,505,3946045,291.4285714285714,0.1147540983606558,0.23921568627450981
65,54,62,506,4273726,316.3636363636364,0.16923076923076918,0.2549019607843137
50,62,67,507,3292739,197.64705882352942,0.25373134328358216,0.2627450980392157
37,39,46,508,2434862,226.66666666666666,0.1956521739130434,0.1803921568627451
60,62,67,509,3948099,222.85714285714286,0.10447761194029856,0.2627450980392157
44,42,52,510,2894388,252.0,0.19230769230769232,0.20392156862745098
48,45,55,511,3157303,258.0,0.1818181818181818,0.21568627450980393
35,47,54,512,2305846,202.10526315789474,0.3518518518518518,0.21176470588235294
33,43,48,513,2173744,200.0,0.31249999999999994,0.18823529411764706
26,30,36,514,1711652,216.0,0.2777777777777778,0.1411764705882353
26,29,36,515,1711396,222.0,0.2777777777777778,0.1411764705882353
51,76,84,516,3361876,194.54545454545456,0.3928571428571428,0.32941176470588235
48,69,73,517,3163465,189.6,0.3424657534246575,0.28627450980392155
33,48,55,518,2175031,199.0909090909091,0.39999999999999997,0.21568627450980393
41,61,67,519,2702659,193.84615384615384,0.38805970149253727,0.2627450980392157
34,69,74,520,2245962,187.5,0.5405405405405406,0.2901960784313726
43,67,74,521,2835274,193.5483870967742,0.4189189189189189,0.2901960784313726
39,70,83,522,2573907,197.72727272727272,0.5301204819277108,0.3254901960784314
33,77,89,523,2182489,192.85714285714286,0.6292134831460674,0.34901960784313724
147,124,53,524,9665589,45.31914893617022,0.6394557823129251,0.5764705882352941
165,138,51,525,10848819,45.78947368421052,0.6909090909090909,0.6470588235294118
234,215,67,526,15390531,53.17365269461078,0.7136752136752136,0.9176470588235294
243,221,129,527,15981953,48.42105263157896,0.4691358024691358,0.9529411764705882
198,174,74,528,13020746,48.38709677419354,0.6262626262626262,0.7764705882352941
178,147,62,529,11703102,43.9655172413793,0.6516853932584269,0.6980392156862745
171,146,62,530,11244094,46.23853211009174,0.6374269005847952,0.6705882352941176
177,147,63,531,11637567,44.21052631578948,0.6440677966101694,0.6941176470588235
142,108,56,532,9333816,36.279069767441854,0.6056338028169014,0.5568627450980392
147,105,92,533,9660764,14.181818181818187,0.37414965986394555,0.5764705882352941
122,81,58,534,8016186,21.5625,0.5245901639344261,0.47843137254901963
60,41,38,535,3942694,8.181818181818187,0.36666666666666664,0.23529411764705882
148,127,113,536,9731953,24.0,0.2364864864864866,0.5803921568627451
117,68,19,537,7685139,30.0,0.8376068376068375,0.4588235294117647
112,76,37,538,7359525,31.19999999999999,0.6696428571428571,0.4392156862745098
128,82,30,539,8409630,31.836734693877588,0.765625,0.5019607843137255
134,71,45,540,8800045,17.528089887640476,0.6641791044776119,0.5254901960784314
118,73,37,541,7751973,26.666666666666686,0.6864406779661016,0.4627450980392157
73,92,99,542,4807779,196.15384615384616,0.2626262626262627,0.38823529411764707
44,34,45,543,2892333,294.5454545454545,0.2444444444444445,0.17647058823529413
5,6,6,544,329222,180.0,0.16666666666666666,0.023529411764705882
25,10,12,545,1640972,352.0,0.6,0.09803921568627451
10,18,20,546,659988,192.0,0.5,0.0784313725490196
33,11,20,547,2165524,335.45454545454544,0.6666666666666667,0.12941176470588237
54,30,64,548,3546688,282.3529411764706,0.53125,0.25098039215686274
31,20,26,549,2036762,327.27272727272725,0.3548387096774194,0.12156862745098039
27,49,34,550,1782050,139.0909090909091,0.44897959183673475,0.19215686274509805
52,98,135,551,3433095,206.74698795180723,0.6148148148148148,0.5294117647058824
36,6,10,552,2360842,352.0,0.8333333333333334,0.1411764705882353
33,35,24,553,2171672,70.9090909090909,0.31428571428571433,0.13725490196078433
34,44,33,554,2239521,114.54545454545456,0.24999999999999992,0.17254901960784313
12,10,20,555,789012,252.0,0.5,0.0784313725490196
12,27,37,556,793381,204.0,0.6756756756756757,0.1450980392156863
78,109,125,557,5139837,200.4255319148936,0.37599999999999995,0.49019607843137253
10,8,7,558,657415,20.0,0.3,0.0392156862745098
15,14,10,559,986634,48.0,0.3333333333333333,0.058823529411764705
16,14,11,560,1052171,36.0,0.3125,0.06274509803921569
22,20,15,561,1446927,42.85714285714289,0.3181818181818182,0.08627450980392157
16,14,11,562,1052171,36.0,0.3125,0.06274509803921569
14,14,11,563,921099,60.0,0.21428571428571427,0.054901960784313725
18,17,13,564,1184013,48.0,0.2777777777777778,0.07058823529411765
16,14,11,565,1052171,36.0,0.3125,0.06274509803921569
13,13,10,566,855306,60.0,0.23076923076923078,0.050980392156862744
26,25,18,567,1710354,52.5,0.3076923076923077,0.10196078431372549
21,19,14,568,1381134,42.85714285714289,0.3333333333333333,0.08235294117647059
19,17,13,569,1249549,40.0,0.3157894736842105,0.07450980392156863
20,19,14,570,1315598,50.0,0.3,0.0784313725490196
24,21,15,571,1578255,40.0,0.375,0.09411764705882353
18,17,12,572,1184012,50.0,0.3333333333333333,0.07058823529411765
27,26,19,573,1776147,52.5,0.2962962962962963,0.10588235294117647
17,15,11,574,1117963,40.0,0.35294117647058826,0.06666666666666667
18,16,12,575,1183756,40.0,0.3333333333333333,0.07058823529411765
16,14,11,576,1052171,36.0,0.3125,0.06274509803921569
19,18,13,577,1249805,50.0,0.3157894736842105,0.07450980392156863
25,23,17,578,1644305,45.0,0.32,0.09803921568627451
21,19,14,579,1381134,42.85714285714289,0.3333333333333333,0.08235294117647059
23,23,16,580,1513232,60.0,0.30434782608695654,0.09019607843137255
20,19,14,581,1315598,50.0,0.3,0.0784313725490196
28,27,19,582,1841939,53.333333333333314,0.32142857142857145,0.10980392156862745
